{"cameraMode":{"drawMode":0,"name":"Shaded","section":"Shading Mode"},"sceneLighting":true,"audioPlay":false,"sceneViewState":{"m_AlwaysRefresh":false,"showFog":true,"showSkybox":true,"showFlares":true,"showImageEffects":true,"showParticleSystems":true,"showVisualEffectGraphs":true,"m_FxEnabled":true},"in2DMode":false,"pivot":{"x":10.797962188720704,"y":-0.09850120544433594,"z":-0.20179986953735352},"rotation":{"x":0.12429633736610413,"y":0.6565864086151123,"z":-0.11095944046974182,"w":0.7356305718421936},"size":15.631505966186524,"orthographic":false}