{"cameraMode":{"drawMode":0,"name":"Shaded","section":"Shading Mode"},"sceneLighting":true,"audioPlay":false,"sceneViewState":{"m_AlwaysRefresh":false,"showFog":true,"showSkybox":true,"showFlares":true,"showImageEffects":true,"showParticleSystems":true,"showVisualEffectGraphs":true,"m_FxEnabled":true},"in2DMode":false,"pivot":{"x":15.042412757873536,"y":4.3106536865234379,"z":1.1283584833145142},"rotation":{"x":0.029970457777380945,"y":0.6242004632949829,"z":-0.023986918851733209,"w":0.7803378701210022},"size":15.631505966186524,"orthographic":false}