{"cameraMode":{"drawMode":0,"name":"Shaded","section":"Shading Mode"},"sceneLighting":true,"audioPlay":false,"sceneViewState":{"m_AlwaysRefresh":false,"showFog":true,"showSkybox":true,"showFlares":true,"showImageEffects":true,"showParticleSystems":true,"showVisualEffectGraphs":true,"m_FxEnabled":true},"in2DMode":false,"pivot":{"x":3.5378623008728029,"y":27.198204040527345,"z":5.662284851074219},"rotation":{"x":0.029933132231235505,"y":-0.06444042176008225,"z":-0.0019350356888026,"w":-0.9974704384803772},"size":60.106868743896487,"orthographic":false}