{"cameraMode":{"drawMode":0,"name":"Shaded","section":"Shading Mode"},"sceneLighting":true,"audioPlay":false,"sceneViewState":{"m_AlwaysRefresh":false,"showFog":true,"showSkybox":true,"showFlares":true,"showImageEffects":true,"showParticleSystems":true,"showVisualEffectGraphs":true,"m_FxEnabled":true},"in2DMode":false,"pivot":{"x":-13.972650527954102,"y":13.420223236083985,"z":13.570186614990235},"rotation":{"x":0.004491722211241722,"y":-0.05997929349541664,"z":-0.0002722388890106231,"w":-0.9981848001480103},"size":52.239688873291019,"orthographic":false}