{"cameraMode":{"drawMode":0,"name":"Shaded","section":"Shading Mode"},"sceneLighting":true,"audioPlay":false,"sceneViewState":{"m_AlwaysRefresh":false,"showFog":true,"showSkybox":true,"showFlares":true,"showImageEffects":true,"showParticleSystems":true,"showVisualEffectGraphs":true,"m_FxEnabled":true},"in2DMode":false,"pivot":{"x":-14.649066925048829,"y":26.78969955444336,"z":5.133079528808594},"rotation":{"x":-0.026984471827745439,"y":-0.029998600482940675,"z":0.0008088162867352366,"w":-0.999187171459198},"size":60.106868743896487,"orthographic":false}